season,match_id,game_number,date,team_a,team_b,winner,duration_minutes,source
8,S8-RS-001,1,2021-08-13,Rebellion Genflix,Bigetron Alpha,NULL,NULL,https://liquipedia.net/mobilelegends/MPL/Indonesia/Season_8/Regular_Season | https://id-mpl.com/s8/team/rbg | https://www.oneesports.gg/mobile-legends/mpl-id-season-8-schedule-watch/
8,S8-RS-001,2,2021-08-13,Rebellion Genflix,Bigetron Alpha,NULL,NULL,https://liquipedia.net/mobilelegends/MPL/Indonesia/Season_8/Regular_Season | https://id-mpl.com/s8/team/rbg | https://www.oneesports.gg/mobile-legends/mpl-id-season-8-schedule-watch/
8,S8-RS-001,3,2021-08-13,Rebellion Genflix,Bigetron Alpha,NULL,NULL,https://liquipedia.net/mobilelegends/MPL/Indonesia/Season_8/Regular_Season | https://id-mpl.com/s8/team/rbg | https://www.oneesports.gg/mobile-legends/mpl-id-season-8-schedule-watch/
8,S8-RS-002,1,2021-08-13,Geek Fam ID,RRQ Hoshi,RRQ Hoshi,NULL,https://liquipedia.net/mobilelegends/MPL/Indonesia/Season_8/Regular_Season | https://id-mpl.com/s8/team/geek | https://www.oneesports.gg/mobile-legends/mpl-id-season-8-schedule-watch/
8,S8-RS-002,2,2021-08-13,Geek Fam ID,RRQ Hoshi,RRQ Hoshi,NULL,https://liquipedia.net/mobilelegends/MPL/Indonesia/Season_8/Regular_Season | https://id-mpl.com/s8/team/geek | https://www.oneesports.gg/mobile-legends/mpl-id-season-8-schedule-watch/
8,S8-RS-003,1,2021-08-14,ONIC Esports,Rebellion Genflix,ONIC Esports,NULL,https://liquipedia.net/mobilelegends/MPL/Indonesia/Season_8/Regular_Season | https://id-mpl.com/s8/team/onic | https://www.oneesports.gg/mobile-legends/mpl-id-season-8-schedule-watch/
8,S8-RS-003,2,2021-08-14,ONIC Esports,Rebellion Genflix,ONIC Esports,NULL,https://liquipedia.net/mobilelegends/MPL/Indonesia/Season_8/Regular_Season | https://id-mpl.com/s8/team/onic | https://www.oneesports.gg/mobile-legends/mpl-id-season-8-schedule-watch/
8,S8-RS-004,1,2021-08-14,Alter Ego,Geek Fam ID,NULL,NULL,https://liquipedia.net/mobilelegends/MPL/Indonesia/Season_8/Regular_Season | https://id-mpl.com/s8/team/ae | https://www.oneesports.gg/mobile-legends/mpl-id-season-8-schedule-watch/
8,S8-RS-004,2,2021-08-14,Alter Ego,Geek Fam ID,NULL,NULL,https://liquipedia.net/mobilelegends/MPL/Indonesia/Season_8/Regular_Season | https://id-mpl.com/s8/team/ae | https://www.oneesports.gg/mobile-legends/mpl-id-season-8-schedule-watch/
8,S8-RS-004,3,2021-08-14,Alter Ego,Geek Fam ID,NULL,NULL,https://liquipedia.net/mobilelegends/MPL/Indonesia/Season_8/Regular_Season | https://id-mpl.com/s8/team/ae | https://www.oneesports.gg/mobile-legends/mpl-id-season-8-schedule-watch/
8,S8-RS-005,1,2021-08-14,Bigetron Alpha,EVOS Legends,NULL,NULL,https://liquipedia.net/mobilelegends/MPL/Indonesia/Season_8/Regular_Season | https://id-mpl.com/s8/team/btr | https://www.oneesports.gg/mobile-legends/mpl-id-season-8-schedule-watch/
8,S8-RS-005,2,2021-08-14,Bigetron Alpha,EVOS Legends,NULL,NULL,https://liquipedia.net/mobilelegends/MPL/Indonesia/Season_8/Regular_Season | https://id-mpl.com/s8/team/btr | https://www.oneesports.gg/mobile-legends/mpl-id-season-8-schedule-watch/
8,S8-RS-005,3,2021-08-14,Bigetron Alpha,EVOS Legends,NULL,NULL,https://liquipedia.net/mobilelegends/MPL/Indonesia/Season_8/Regular_Season | https://id-mpl.com/s8/team/btr | https://www.oneesports.gg/mobile-legends/mpl-id-season-8-schedule-watch/
8,S8-RS-006,1,2021-08-15,EVOS Legends,AURA Fire,EVOS Legends,NULL,https://liquipedia.net/mobilelegends/MPL/Indonesia/Season_8/Regular_Season | https://id-mpl.com/s8/team/evos | https://www.oneesports.gg/mobile-legends/mpl-id-season-8-schedule-watch/
8,S8-RS-006,2,2021-08-15,EVOS Legends,AURA Fire,EVOS Legends,NULL,https://liquipedia.net/mobilelegends/MPL/Indonesia/Season_8/Regular_Season | https://id-mpl.com/s8/team/evos | https://www.oneesports.gg/mobile-legends/mpl-id-season-8-schedule-watch/
8,S8-RS-007,1,2021-08-15,Alter Ego,RRQ Hoshi,Alter Ego,NULL,https://liquipedia.net/mobilelegends/MPL/Indonesia/Season_8/Regular_Season | https://id-mpl.com/s8/team/ae | https://www.oneesports.gg/mobile-legends/mpl-id-season-8-schedule-watch/
8,S8-RS-007,2,2021-08-15,Alter Ego,RRQ Hoshi,Alter Ego,NULL,https://liquipedia.net/mobilelegends/MPL/Indonesia/Season_8/Regular_Season | https://id-mpl.com/s8/team/ae | https://www.oneesports.gg/mobile-legends/mpl-id-season-8-schedule-watch/
8,S8-RS-008,1,2021-08-20,Alter Ego,Rebellion Genflix,Alter Ego,NULL,https://liquipedia.net/mobilelegends/MPL/Indonesia/Season_8/Regular_Season | https://id-mpl.com/s8/team/ae | https://www.oneesports.gg/mobile-legends/mpl-id-season-8-schedule-watch/
8,S8-RS-008,2,2021-08-20,Alter Ego,Rebellion Genflix,Alter Ego,NULL,https://liquipedia.net/mobilelegends/MPL/Indonesia/Season_8/Regular_Season | https://id-mpl.com/s8/team/ae | https://www.oneesports.gg/mobile-legends/mpl-id-season-8-schedule-watch/
8,S8-RS-009,1,2021-08-20,AURA Fire,ONIC Esports,NULL,NULL,https://liquipedia.net/mobilelegends/MPL/Indonesia/Season_8/Regular_Season | https://id-mpl.com/s8/team/onic | https://www.oneesports.gg/mobile-legends/mpl-id-season-8-schedule-watch/
8,S8-RS-009,2,2021-08-20,AURA Fire,ONIC Esports,NULL,NULL,https://liquipedia.net/mobilelegends/MPL/Indonesia/Season_8/Regular_Season | https://id-mpl.com/s8/team/onic | https://www.oneesports.gg/mobile-legends/mpl-id-season-8-schedule-watch/
8,S8-RS-009,3,2021-08-20,AURA Fire,ONIC Esports,NULL,NULL,https://liquipedia.net/mobilelegends/MPL/Indonesia/Season_8/Regular_Season | https://id-mpl.com/s8/team/onic | https://www.oneesports.gg/mobile-legends/mpl-id-season-8-schedule-watch/
8,S8-RS-010,1,2021-08-21,Bigetron Alpha,AURA Fire,NULL,NULL,https://liquipedia.net/mobilelegends/MPL/Indonesia/Season_8/Regular_Season | https://id-mpl.com/s8/team/btr | https://www.oneesports.gg/mobile-legends/mpl-id-season-8-schedule-watch/
8,S8-RS-010,2,2021-08-21,Bigetron Alpha,AURA Fire,NULL,NULL,https://liquipedia.net/mobilelegends/MPL/Indonesia/Season_8/Regular_Season | https://id-mpl.com/s8/team/btr | https://www.oneesports.gg/mobile-legends/mpl-id-season-8-schedule-watch/
8,S8-RS-010,3,2021-08-21,Bigetron Alpha,AURA Fire,NULL,NULL,https://liquipedia.net/mobilelegends/MPL/Indonesia/Season_8/Regular_Season | https://id-mpl.com/s8/team/btr | https://www.oneesports.gg/mobile-legends/mpl-id-season-8-schedule-watch/
8,S8-RS-011,1,2021-08-21,Geek Fam ID,EVOS Legends,EVOS Legends,NULL,https://liquipedia.net/mobilelegends/MPL/Indonesia/Season_8/Regular_Season | https://id-mpl.com/s8/team/geek | https://www.oneesports.gg/mobile-legends/mpl-id-season-8-schedule-watch/
8,S8-RS-011,2,2021-08-21,Geek Fam ID,EVOS Legends,EVOS Legends,NULL,https://liquipedia.net/mobilelegends/MPL/Indonesia/Season_8/Regular_Season | https://id-mpl.com/s8/team/geek | https://www.oneesports.gg/mobile-legends/mpl-id-season-8-schedule-watch/
8,S8-RS-012,1,2021-08-21,ONIC Esports,RRQ Hoshi,NULL,NULL,https://liquipedia.net/mobilelegends/MPL/Indonesia/Season_8/Regular_Season | https://id-mpl.com/s8/team/onic | https://www.oneesports.gg/mobile-legends/mpl-id-season-8-schedule-watch/
8,S8-RS-012,2,2021-08-21,ONIC Esports,RRQ Hoshi,NULL,NULL,https://liquipedia.net/mobilelegends/MPL/Indonesia/Season_8/Regular_Season | https://id-mpl.com/s8/team/onic | https://www.oneesports.gg/mobile-legends/mpl-id-season-8-schedule-watch/
8,S8-RS-012,3,2021-08-21,ONIC Esports,RRQ Hoshi,NULL,NULL,https://liquipedia.net/mobilelegends/MPL/Indonesia/Season_8/Regular_Season | https://id-mpl.com/s8/team/onic | https://www.oneesports.gg/mobile-legends/mpl-id-season-8-schedule-watch/
8,S8-RS-013,1,2021-08-22,Bigetron Alpha,RRQ Hoshi,RRQ Hoshi,NULL,https://liquipedia.net/mobilelegends/MPL/Indonesia/Season_8/Regular_Season | https://id-mpl.com/s8/team/btr | https://www.oneesports.gg/mobile-legends/mpl-id-season-8-schedule-watch/
8,S8-RS-013,2,2021-08-22,Bigetron Alpha,RRQ Hoshi,RRQ Hoshi,NULL,https://liquipedia.net/mobilelegends/MPL/Indonesia/Season_8/Regular_Season | https://id-mpl.com/s8/team/btr | https://www.oneesports.gg/mobile-legends/mpl-id-season-8-schedule-watch/
8,S8-RS-014,1,2021-08-22,Geek Fam ID,Rebellion Genflix,NULL,NULL,https://liquipedia.net/mobilelegends/MPL/Indonesia/Season_8/Regular_Season | https://id-mpl.com/s8/team/geek | https://www.oneesports.gg/mobile-legends/mpl-id-season-8-schedule-watch/
8,S8-RS-014,2,2021-08-22,Geek Fam ID,Rebellion Genflix,NULL,NULL,https://liquipedia.net/mobilelegends/MPL/Indonesia/Season_8/Regular_Season | https://id-mpl.com/s8/team/geek | https://www.oneesports.gg/mobile-legends/mpl-id-season-8-schedule-watch/
8,S8-RS-014,3,2021-08-22,Geek Fam ID,Rebellion Genflix,NULL,NULL,https://liquipedia.net/mobilelegends/MPL/Indonesia/Season_8/Regular_Season | https://id-mpl.com/s8/team/geek | https://www.oneesports.gg/mobile-legends/mpl-id-season-8-schedule-watch/
8,S8-RS-015,1,2021-08-27,AURA Fire,Alter Ego,NULL,NULL,https://liquipedia.net/mobilelegends/MPL/Indonesia/Season_8/Regular_Season | https://id-mpl.com/s8/team/ae | https://www.oneesports.gg/mobile-legends/mpl-id-season-8-schedule-watch/
8,S8-RS-015,2,2021-08-27,AURA Fire,Alter Ego,NULL,NULL,https://liquipedia.net/mobilelegends/MPL/Indonesia/Season_8/Regular_Season | https://id-mpl.com/s8/team/ae | https://www.oneesports.gg/mobile-legends/mpl-id-season-8-schedule-watch/
8,S8-RS-015,3,2021-08-27,AURA Fire,Alter Ego,NULL,NULL,https://liquipedia.net/mobilelegends/MPL/Indonesia/Season_8/Regular_Season | https://id-mpl.com/s8/team/ae | https://www.oneesports.gg/mobile-legends/mpl-id-season-8-schedule-watch/
8,S8-RS-016,1,2021-08-27,EVOS Legends,ONIC Esports,EVOS Legends,NULL,https://liquipedia.net/mobilelegends/MPL/Indonesia/Season_8/Regular_Season | https://id-mpl.com/s8/team/evos | https://www.oneesports.gg/mobile-legends/mpl-id-season-8-schedule-watch/
8,S8-RS-016,2,2021-08-27,EVOS Legends,ONIC Esports,EVOS Legends,NULL,https://liquipedia.net/mobilelegends/MPL/Indonesia/Season_8/Regular_Season | https://id-mpl.com/s8/team/evos | https://www.oneesports.gg/mobile-legends/mpl-id-season-8-schedule-watch/
8,S8-RS-017,1,2021-08-28,Rebellion Genflix,AURA Fire,AURA Fire,NULL,https://liquipedia.net/mobilelegends/MPL/Indonesia/Season_8/Regular_Season | https://id-mpl.com/s8/team/rbg | https://www.oneesports.gg/mobile-legends/mpl-id-season-8-schedule-watch/
8,S8-RS-017,2,2021-08-28,Rebellion Genflix,AURA Fire,AURA Fire,NULL,https://liquipedia.net/mobilelegends/MPL/Indonesia/Season_8/Regular_Season | https://id-mpl.com/s8/team/rbg | https://www.oneesports.gg/mobile-legends/mpl-id-season-8-schedule-watch/
8,S8-RS-018,1,2021-08-28,Bigetron Alpha,Alter Ego,NULL,NULL,https://liquipedia.net/mobilelegends/MPL/Indonesia/Season_8/Regular_Season | https://id-mpl.com/s8/team/btr | https://www.oneesports.gg/mobile-legends/mpl-id-season-8-schedule-watch/
8,S8-RS-018,2,2021-08-28,Bigetron Alpha,Alter Ego,NULL,NULL,https://liquipedia.net/mobilelegends/MPL/Indonesia/Season_8/Regular_Season | https://id-mpl.com/s8/team/btr | https://www.oneesports.gg/mobile-legends/mpl-id-season-8-schedule-watch/
8,S8-RS-018,3,2021-08-28,Bigetron Alpha,Alter Ego,NULL,NULL,https://liquipedia.net/mobilelegends/MPL/Indonesia/Season_8/Regular_Season | https://id-mpl.com/s8/team/btr | https://www.oneesports.gg/mobile-legends/mpl-id-season-8-schedule-watch/
8,S8-RS-019,1,2021-08-28,RRQ Hoshi,EVOS Legends,RRQ Hoshi,NULL,https://liquipedia.net/mobilelegends/MPL/Indonesia/Season_8/Regular_Season | https://id-mpl.com/s8/team/rrq | https://www.oneesports.gg/mobile-legends/mpl-id-season-8-schedule-watch/
8,S8-RS-019,2,2021-08-28,RRQ Hoshi,EVOS Legends,RRQ Hoshi,NULL,https://liquipedia.net/mobilelegends/MPL/Indonesia/Season_8/Regular_Season | https://id-mpl.com/s8/team/rrq | https://www.oneesports.gg/mobile-legends/mpl-id-season-8-schedule-watch/
8,S8-RS-020,1,2021-08-29,Geek Fam ID,ONIC Esports,ONIC Esports,NULL,https://liquipedia.net/mobilelegends/MPL/Indonesia/Season_8/Regular_Season | https://id-mpl.com/s8/team/geek | https://www.oneesports.gg/mobile-legends/mpl-id-season-8-schedule-watch/
8,S8-RS-020,2,2021-08-29,Geek Fam ID,ONIC Esports,ONIC Esports,NULL,https://liquipedia.net/mobilelegends/MPL/Indonesia/Season_8/Regular_Season | https://id-mpl.com/s8/team/geek | https://www.oneesports.gg/mobile-legends/mpl-id-season-8-schedule-watch/
8,S8-RS-021,1,2021-08-29,RRQ Hoshi,Rebellion Genflix,RRQ Hoshi,NULL,https://liquipedia.net/mobilelegends/MPL/Indonesia/Season_8/Regular_Season | https://id-mpl.com/s8/team/rrq | https://www.oneesports.gg/mobile-legends/mpl-id-season-8-schedule-watch/
8,S8-RS-021,2,2021-08-29,RRQ Hoshi,Rebellion Genflix,RRQ Hoshi,NULL,https://liquipedia.net/mobilelegends/MPL/Indonesia/Season_8/Regular_Season | https://id-mpl.com/s8/team/rrq | https://www.oneesports.gg/mobile-legends/mpl-id-season-8-schedule-watch/
8,S8-RS-022,1,2021-09-03,AURA Fire,Geek Fam ID,AURA Fire,NULL,https://liquipedia.net/mobilelegends/MPL/Indonesia/Season_8/Regular_Season | https://id-mpl.com/s8/team/geek | https://www.oneesports.gg/mobile-legends/mpl-id-season-8-schedule-watch/
8,S8-RS-022,2,2021-09-03,AURA Fire,Geek Fam ID,AURA Fire,NULL,https://liquipedia.net/mobilelegends/MPL/Indonesia/Season_8/Regular_Season | https://id-mpl.com/s8/team/geek | https://www.oneesports.gg/mobile-legends/mpl-id-season-8-schedule-watch/
8,S8-RS-023,1,2021-09-03,ONIC Esports,Bigetron Alpha,ONIC Esports,NULL,https://liquipedia.net/mobilelegends/MPL/Indonesia/Season_8/Regular_Season | https://id-mpl.com/s8/team/onic | https://www.oneesports.gg/mobile-legends/mpl-id-season-8-schedule-watch/
8,S8-RS-023,2,2021-09-03,ONIC Esports,Bigetron Alpha,ONIC Esports,NULL,https://liquipedia.net/mobilelegends/MPL/Indonesia/Season_8/Regular_Season | https://id-mpl.com/s8/team/onic | https://www.oneesports.gg/mobile-legends/mpl-id-season-8-schedule-watch/
8,S8-RS-024,1,2021-09-04,Geek Fam ID,Bigetron Alpha,NULL,NULL,https://liquipedia.net/mobilelegends/MPL/Indonesia/Season_8/Regular_Season | https://id-mpl.com/s8/team/geek | https://www.oneesports.gg/mobile-legends/mpl-id-season-8-schedule-watch/
8,S8-RS-024,2,2021-09-04,Geek Fam ID,Bigetron Alpha,NULL,NULL,https://liquipedia.net/mobilelegends/MPL/Indonesia/Season_8/Regular_Season | https://id-mpl.com/s8/team/geek | https://www.oneesports.gg/mobile-legends/mpl-id-season-8-schedule-watch/
8,S8-RS-024,3,2021-09-04,Geek Fam ID,Bigetron Alpha,NULL,NULL,https://liquipedia.net/mobilelegends/MPL/Indonesia/Season_8/Regular_Season | https://id-mpl.com/s8/team/geek | https://www.oneesports.gg/mobile-legends/mpl-id-season-8-schedule-watch/
8,S8-RS-025,1,2021-09-04,AURA Fire,RRQ Hoshi,RRQ Hoshi,NULL,https://liquipedia.net/mobilelegends/MPL/Indonesia/Season_8/Regular_Season | https://id-mpl.com/s8/team/rrq | https://www.oneesports.gg/mobile-legends/mpl-id-season-8-schedule-watch/
8,S8-RS-025,2,2021-09-04,AURA Fire,RRQ Hoshi,RRQ Hoshi,NULL,https://liquipedia.net/mobilelegends/MPL/Indonesia/Season_8/Regular_Season | https://id-mpl.com/s8/team/rrq | https://www.oneesports.gg/mobile-legends/mpl-id-season-8-schedule-watch/
8,S8-RS-026,1,2021-09-04,EVOS Legends,Alter Ego,NULL,NULL,https://liquipedia.net/mobilelegends/MPL/Indonesia/Season_8/Regular_Season | https://id-mpl.com/s8/team/evos | https://www.oneesports.gg/mobile-legends/mpl-id-season-8-schedule-watch/
8,S8-RS-026,2,2021-09-04,EVOS Legends,Alter Ego,NULL,NULL,https://liquipedia.net/mobilelegends/MPL/Indonesia/Season_8/Regular_Season | https://id-mpl.com/s8/team/evos | https://www.oneesports.gg/mobile-legends/mpl-id-season-8-schedule-watch/
8,S8-RS-026,3,2021-09-04,EVOS Legends,Alter Ego,NULL,NULL,https://liquipedia.net/mobilelegends/MPL/Indonesia/Season_8/Regular_Season | https://id-mpl.com/s8/team/evos | https://www.oneesports.gg/mobile-legends/mpl-id-season-8-schedule-watch/
8,S8-RS-027,1,2021-09-05,Rebellion Genflix,EVOS Legends,NULL,NULL,https://liquipedia.net/mobilelegends/MPL/Indonesia/Season_8/Regular_Season | https://id-mpl.com/s8/team/rbg | https://www.oneesports.gg/mobile-legends/mpl-id-season-8-schedule-watch/
8,S8-RS-027,2,2021-09-05,Rebellion Genflix,EVOS Legends,NULL,NULL,https://liquipedia.net/mobilelegends/MPL/Indonesia/Season_8/Regular_Season | https://id-mpl.com/s8/team/rbg | https://www.oneesports.gg/mobile-legends/mpl-id-season-8-schedule-watch/
8,S8-RS-027,3,2021-09-05,Rebellion Genflix,EVOS Legends,NULL,NULL,https://liquipedia.net/mobilelegends/MPL/Indonesia/Season_8/Regular_Season | https://id-mpl.com/s8/team/rbg | https://www.oneesports.gg/mobile-legends/mpl-id-season-8-schedule-watch/
8,S8-RS-028,1,2021-09-05,Alter Ego,ONIC Esports,NULL,NULL,https://liquipedia.net/mobilelegends/MPL/Indonesia/Season_8/Regular_Season | https://id-mpl.com/s8/team/ae | https://www.oneesports.gg/mobile-legends/mpl-id-season-8-schedule-watch/
8,S8-RS-028,2,2021-09-05,Alter Ego,ONIC Esports,NULL,NULL,https://liquipedia.net/mobilelegends/MPL/Indonesia/Season_8/Regular_Season | https://id-mpl.com/s8/team/ae | https://www.oneesports.gg/mobile-legends/mpl-id-season-8-schedule-watch/
8,S8-RS-028,3,2021-09-05,Alter Ego,ONIC Esports,NULL,NULL,https://liquipedia.net/mobilelegends/MPL/Indonesia/Season_8/Regular_Season | https://id-mpl.com/s8/team/ae | https://www.oneesports.gg/mobile-legends/mpl-id-season-8-schedule-watch/
8,S8-RS-029,1,2021-09-10,Bigetron Alpha,Rebellion Genflix,NULL,NULL,https://liquipedia.net/mobilelegends/MPL/Indonesia/Season_8/Regular_Season | https://id-mpl.com/s8/team/btr | https://www.oneesports.gg/mobile-legends/mpl-id-season-8-schedule-watch/
8,S8-RS-029,2,2021-09-10,Bigetron Alpha,Rebellion Genflix,NULL,NULL,https://liquipedia.net/mobilelegends/MPL/Indonesia/Season_8/Regular_Season | https://id-mpl.com/s8/team/btr | https://www.oneesports.gg/mobile-legends/mpl-id-season-8-schedule-watch/
8,S8-RS-029,3,2021-09-10,Bigetron Alpha,Rebellion Genflix,NULL,NULL,https://liquipedia.net/mobilelegends/MPL/Indonesia/Season_8/Regular_Season | https://id-mpl.com/s8/team/btr | https://www.oneesports.gg/mobile-legends/mpl-id-season-8-schedule-watch/
8,S8-RS-030,1,2021-09-10,Geek Fam ID,Alter Ego,NULL,NULL,https://liquipedia.net/mobilelegends/MPL/Indonesia/Season_8/Regular_Season | https://id-mpl.com/s8/team/geek | https://www.oneesports.gg/mobile-legends/mpl-id-season-8-schedule-watch/
8,S8-RS-030,2,2021-09-10,Geek Fam ID,Alter Ego,NULL,NULL,https://liquipedia.net/mobilelegends/MPL/Indonesia/Season_8/Regular_Season | https://id-mpl.com/s8/team/geek | https://www.oneesports.gg/mobile-legends/mpl-id-season-8-schedule-watch/
8,S8-RS-030,3,2021-09-10,Geek Fam ID,Alter Ego,NULL,NULL,https://liquipedia.net/mobilelegends/MPL/Indonesia/Season_8/Regular_Season | https://id-mpl.com/s8/team/geek | https://www.oneesports.gg/mobile-legends/mpl-id-season-8-schedule-watch/
8,S8-RS-031,1,2021-09-11,ONIC Esports,AURA Fire,NULL,NULL,https://liquipedia.net/mobilelegends/MPL/Indonesia/Season_8/Regular_Season | https://id-mpl.com/s8/team/onic | https://www.oneesports.gg/mobile-legends/mpl-id-season-8-schedule-watch/
8,S8-RS-031,2,2021-09-11,ONIC Esports,AURA Fire,NULL,NULL,https://liquipedia.net/mobilelegends/MPL/Indonesia/Season_8/Regular_Season | https://id-mpl.com/s8/team/onic | https://www.oneesports.gg/mobile-legends/mpl-id-season-8-schedule-watch/
8,S8-RS-031,3,2021-09-11,ONIC Esports,AURA Fire,NULL,NULL,https://liquipedia.net/mobilelegends/MPL/Indonesia/Season_8/Regular_Season | https://id-mpl.com/s8/team/onic | https://www.oneesports.gg/mobile-legends/mpl-id-season-8-schedule-watch/
8,S8-RS-032,1,2021-09-11,RRQ Hoshi,Bigetron Alpha,RRQ Hoshi,NULL,https://liquipedia.net/mobilelegends/MPL/Indonesia/Season_8/Regular_Season | https://id-mpl.com/s8/team/rrq | https://www.oneesports.gg/mobile-legends/mpl-id-season-8-schedule-watch/
8,S8-RS-032,2,2021-09-11,RRQ Hoshi,Bigetron Alpha,RRQ Hoshi,NULL,https://liquipedia.net/mobilelegends/MPL/Indonesia/Season_8/Regular_Season | https://id-mpl.com/s8/team/rrq | https://www.oneesports.gg/mobile-legends/mpl-id-season-8-schedule-watch/
8,S8-RS-033,1,2021-09-11,Rebellion Genflix,Alter Ego,Alter Ego,NULL,https://liquipedia.net/mobilelegends/MPL/Indonesia/Season_8/Regular_Season | https://id-mpl.com/s8/team/rbg | https://www.oneesports.gg/mobile-legends/mpl-id-season-8-schedule-watch/
8,S8-RS-033,2,2021-09-11,Rebellion Genflix,Alter Ego,Alter Ego,NULL,https://liquipedia.net/mobilelegends/MPL/Indonesia/Season_8/Regular_Season | https://id-mpl.com/s8/team/rbg | https://www.oneesports.gg/mobile-legends/mpl-id-season-8-schedule-watch/
8,S8-RS-034,1,2021-09-12,AURA Fire,EVOS Legends,NULL,NULL,https://liquipedia.net/mobilelegends/MPL/Indonesia/Season_8/Regular_Season | https://id-mpl.com/s8/team/evos | https://www.oneesports.gg/mobile-legends/mpl-id-season-8-schedule-watch/
8,S8-RS-034,2,2021-09-12,AURA Fire,EVOS Legends,NULL,NULL,https://liquipedia.net/mobilelegends/MPL/Indonesia/Season_8/Regular_Season | https://id-mpl.com/s8/team/evos | https://www.oneesports.gg/mobile-legends/mpl-id-season-8-schedule-watch/
8,S8-RS-034,3,2021-09-12,AURA Fire,EVOS Legends,NULL,NULL,https://liquipedia.net/mobilelegends/MPL/Indonesia/Season_8/Regular_Season | https://id-mpl.com/s8/team/evos | https://www.oneesports.gg/mobile-legends/mpl-id-season-8-schedule-watch/
8,S8-RS-035,1,2021-09-12,RRQ Hoshi,ONIC Esports,NULL,NULL,https://liquipedia.net/mobilelegends/MPL/Indonesia/Season_8/Regular_Season | https://id-mpl.com/s8/team/rrq | https://www.oneesports.gg/mobile-legends/mpl-id-season-8-schedule-watch/
8,S8-RS-035,2,2021-09-12,RRQ Hoshi,ONIC Esports,NULL,NULL,https://liquipedia.net/mobilelegends/MPL/Indonesia/Season_8/Regular_Season | https://id-mpl.com/s8/team/rrq | https://www.oneesports.gg/mobile-legends/mpl-id-season-8-schedule-watch/
8,S8-RS-035,3,2021-09-12,RRQ Hoshi,ONIC Esports,NULL,NULL,https://liquipedia.net/mobilelegends/MPL/Indonesia/Season_8/Regular_Season | https://id-mpl.com/s8/team/rrq | https://www.oneesports.gg/mobile-legends/mpl-id-season-8-schedule-watch/
8,S8-RS-036,1,2021-09-17,Rebellion Genflix,ONIC Esports,NULL,NULL,https://liquipedia.net/mobilelegends/MPL/Indonesia/Season_8/Regular_Season | https://id-mpl.com/s8/team/rbg | https://www.oneesports.gg/mobile-legends/mpl-id-season-8-schedule-watch/
8,S8-RS-036,2,2021-09-17,Rebellion Genflix,ONIC Esports,NULL,NULL,https://liquipedia.net/mobilelegends/MPL/Indonesia/Season_8/Regular_Season | https://id-mpl.com/s8/team/rbg | https://www.oneesports.gg/mobile-legends/mpl-id-season-8-schedule-watch/
8,S8-RS-036,3,2021-09-17,Rebellion Genflix,ONIC Esports,NULL,NULL,https://liquipedia.net/mobilelegends/MPL/Indonesia/Season_8/Regular_Season | https://id-mpl.com/s8/team/rbg | https://www.oneesports.gg/mobile-legends/mpl-id-season-8-schedule-watch/
8,S8-RS-037,1,2021-09-17,Alter Ego,EVOS Legends,Alter Ego,NULL,https://liquipedia.net/mobilelegends/MPL/Indonesia/Season_8/Regular_Season | https://id-mpl.com/s8/team/ae | https://www.oneesports.gg/mobile-legends/mpl-id-season-8-schedule-watch/
8,S8-RS-037,2,2021-09-17,Alter Ego,EVOS Legends,Alter Ego,NULL,https://liquipedia.net/mobilelegends/MPL/Indonesia/Season_8/Regular_Season | https://id-mpl.com/s8/team/ae | https://www.oneesports.gg/mobile-legends/mpl-id-season-8-schedule-watch/
8,S8-RS-038,1,2021-09-18,RRQ Hoshi,Geek Fam ID,RRQ Hoshi,NULL,https://liquipedia.net/mobilelegends/MPL/Indonesia/Season_8/Regular_Season | https://id-mpl.com/s8/team/rrq | https://www.oneesports.gg/mobile-legends/mpl-id-season-8-schedule-watch/
8,S8-RS-038,2,2021-09-18,RRQ Hoshi,Geek Fam ID,RRQ Hoshi,NULL,https://liquipedia.net/mobilelegends/MPL/Indonesia/Season_8/Regular_Season | https://id-mpl.com/s8/team/rrq | https://www.oneesports.gg/mobile-legends/mpl-id-season-8-schedule-watch/
8,S8-RS-039,1,2021-09-18,AURA Fire,Bigetron Alpha,Bigetron Alpha,NULL,https://liquipedia.net/mobilelegends/MPL/Indonesia/Season_8/Regular_Season | https://id-mpl.com/s8/team/btr | https://www.oneesports.gg/mobile-legends/mpl-id-season-8-schedule-watch/
8,S8-RS-039,2,2021-09-18,AURA Fire,Bigetron Alpha,Bigetron Alpha,NULL,https://liquipedia.net/mobilelegends/MPL/Indonesia/Season_8/Regular_Season | https://id-mpl.com/s8/team/btr | https://www.oneesports.gg/mobile-legends/mpl-id-season-8-schedule-watch/
8,S8-RS-040,1,2021-09-18,EVOS Legends,Rebellion Genflix,EVOS Legends,NULL,https://liquipedia.net/mobilelegends/MPL/Indonesia/Season_8/Regular_Season | https://id-mpl.com/s8/team/evos | https://www.oneesports.gg/mobile-legends/mpl-id-season-8-schedule-watch/
8,S8-RS-040,2,2021-09-18,EVOS Legends,Rebellion Genflix,EVOS Legends,NULL,https://liquipedia.net/mobilelegends/MPL/Indonesia/Season_8/Regular_Season | https://id-mpl.com/s8/team/evos | https://www.oneesports.gg/mobile-legends/mpl-id-season-8-schedule-watch/
8,S8-RS-041,1,2021-09-19,Bigetron Alpha,Geek Fam ID,Geek Fam ID,NULL,https://liquipedia.net/mobilelegends/MPL/Indonesia/Season_8/Regular_Season | https://id-mpl.com/s8/team/btr | https://www.oneesports.gg/mobile-legends/mpl-id-season-8-schedule-watch/
8,S8-RS-041,2,2021-09-19,Bigetron Alpha,Geek Fam ID,Geek Fam ID,NULL,https://liquipedia.net/mobilelegends/MPL/Indonesia/Season_8/Regular_Season | https://id-mpl.com/s8/team/btr | https://www.oneesports.gg/mobile-legends/mpl-id-season-8-schedule-watch/
8,S8-RS-042,1,2021-09-19,RRQ Hoshi,AURA Fire,NULL,NULL,https://liquipedia.net/mobilelegends/MPL/Indonesia/Season_8/Regular_Season | https://id-mpl.com/s8/team/rrq | https://www.oneesports.gg/mobile-legends/mpl-id-season-8-schedule-watch/
8,S8-RS-042,2,2021-09-19,RRQ Hoshi,AURA Fire,NULL,NULL,https://liquipedia.net/mobilelegends/MPL/Indonesia/Season_8/Regular_Season | https://id-mpl.com/s8/team/rrq | https://www.oneesports.gg/mobile-legends/mpl-id-season-8-schedule-watch/
8,S8-RS-042,3,2021-09-19,RRQ Hoshi,AURA Fire,NULL,NULL,https://liquipedia.net/mobilelegends/MPL/Indonesia/Season_8/Regular_Season | https://id-mpl.com/s8/team/rrq | https://www.oneesports.gg/mobile-legends/mpl-id-season-8-schedule-watch/
8,S8-RS-043,1,2021-09-24,Alter Ego,Bigetron Alpha,Bigetron Alpha,NULL,https://liquipedia.net/mobilelegends/MPL/Indonesia/Season_8/Regular_Season | https://id-mpl.com/s8/team/ae | https://www.oneesports.gg/mobile-legends/mpl-id-season-8-schedule-watch/
8,S8-RS-043,2,2021-09-24,Alter Ego,Bigetron Alpha,Bigetron Alpha,NULL,https://liquipedia.net/mobilelegends/MPL/Indonesia/Season_8/Regular_Season | https://id-mpl.com/s8/team/ae | https://www.oneesports.gg/mobile-legends/mpl-id-season-8-schedule-watch/
8,S8-RS-044,1,2021-09-24,Geek Fam ID,AURA Fire,AURA Fire,NULL,https://liquipedia.net/mobilelegends/MPL/Indonesia/Season_8/Regular_Season | https://id-mpl.com/s8/team/geek | https://www.oneesports.gg/mobile-legends/mpl-id-season-8-schedule-watch/
8,S8-RS-044,2,2021-09-24,Geek Fam ID,AURA Fire,AURA Fire,NULL,https://liquipedia.net/mobilelegends/MPL/Indonesia/Season_8/Regular_Season | https://id-mpl.com/s8/team/geek | https://www.oneesports.gg/mobile-legends/mpl-id-season-8-schedule-watch/
8,S8-RS-045,1,2021-09-25,Bigetron Alpha,ONIC Esports,NULL,NULL,https://liquipedia.net/mobilelegends/MPL/Indonesia/Season_8/Regular_Season | https://id-mpl.com/s8/team/btr | https://www.oneesports.gg/mobile-legends/mpl-id-season-8-schedule-watch/
8,S8-RS-045,2,2021-09-25,Bigetron Alpha,ONIC Esports,NULL,NULL,https://liquipedia.net/mobilelegends/MPL/Indonesia/Season_8/Regular_Season | https://id-mpl.com/s8/team/btr | https://www.oneesports.gg/mobile-legends/mpl-id-season-8-schedule-watch/
8,S8-RS-045,3,2021-09-25,Bigetron Alpha,ONIC Esports,NULL,NULL,https://liquipedia.net/mobilelegends/MPL/Indonesia/Season_8/Regular_Season | https://id-mpl.com/s8/team/btr | https://www.oneesports.gg/mobile-legends/mpl-id-season-8-schedule-watch/
8,S8-RS-046,1,2021-09-25,EVOS Legends,Geek Fam ID,EVOS Legends,NULL,https://liquipedia.net/mobilelegends/MPL/Indonesia/Season_8/Regular_Season | https://id-mpl.com/s8/team/evos | https://www.oneesports.gg/mobile-legends/mpl-id-season-8-schedule-watch/
8,S8-RS-046,2,2021-09-25,EVOS Legends,Geek Fam ID,EVOS Legends,NULL,https://liquipedia.net/mobilelegends/MPL/Indonesia/Season_8/Regular_Season | https://id-mpl.com/s8/team/evos | https://www.oneesports.gg/mobile-legends/mpl-id-season-8-schedule-watch/
8,S8-RS-047,1,2021-09-25,RRQ Hoshi,Alter Ego,RRQ Hoshi,NULL,https://liquipedia.net/mobilelegends/MPL/Indonesia/Season_8/Regular_Season | https://id-mpl.com/s8/team/rrq | https://www.oneesports.gg/mobile-legends/mpl-id-season-8-schedule-watch/
8,S8-RS-047,2,2021-09-25,RRQ Hoshi,Alter Ego,RRQ Hoshi,NULL,https://liquipedia.net/mobilelegends/MPL/Indonesia/Season_8/Regular_Season | https://id-mpl.com/s8/team/rrq | https://www.oneesports.gg/mobile-legends/mpl-id-season-8-schedule-watch/
8,S8-RS-048,1,2021-09-26,Rebellion Genflix,RRQ Hoshi,RRQ Hoshi,NULL,https://liquipedia.net/mobilelegends/MPL/Indonesia/Season_8/Regular_Season | https://id-mpl.com/s8/team/rbg | https://www.oneesports.gg/mobile-legends/mpl-id-season-8-schedule-watch/
8,S8-RS-048,2,2021-09-26,Rebellion Genflix,RRQ Hoshi,RRQ Hoshi,NULL,https://liquipedia.net/mobilelegends/MPL/Indonesia/Season_8/Regular_Season | https://id-mpl.com/s8/team/rbg | https://www.oneesports.gg/mobile-legends/mpl-id-season-8-schedule-watch/
8,S8-RS-049,1,2021-09-26,ONIC Esports,EVOS Legends,ONIC Esports,NULL,https://liquipedia.net/mobilelegends/MPL/Indonesia/Season_8/Regular_Season | https://id-mpl.com/s8/team/onic | https://www.oneesports.gg/mobile-legends/mpl-id-season-8-schedule-watch/
8,S8-RS-049,2,2021-09-26,ONIC Esports,EVOS Legends,ONIC Esports,NULL,https://liquipedia.net/mobilelegends/MPL/Indonesia/Season_8/Regular_Season | https://id-mpl.com/s8/team/onic | https://www.oneesports.gg/mobile-legends/mpl-id-season-8-schedule-watch/
8,S8-RS-050,1,2021-10-01,Alter Ego,AURA Fire,NULL,NULL,https://liquipedia.net/mobilelegends/MPL/Indonesia/Season_8/Regular_Season | https://id-mpl.com/s8/team/ae | https://www.oneesports.gg/mobile-legends/mpl-id-season-8-schedule-watch/
8,S8-RS-050,2,2021-10-01,Alter Ego,AURA Fire,NULL,NULL,https://liquipedia.net/mobilelegends/MPL/Indonesia/Season_8/Regular_Season | https://id-mpl.com/s8/team/ae | https://www.oneesports.gg/mobile-legends/mpl-id-season-8-schedule-watch/
8,S8-RS-050,3,2021-10-01,Alter Ego,AURA Fire,NULL,NULL,https://liquipedia.net/mobilelegends/MPL/Indonesia/Season_8/Regular_Season | https://id-mpl.com/s8/team/ae | https://www.oneesports.gg/mobile-legends/mpl-id-season-8-schedule-watch/
8,S8-RS-051,1,2021-10-01,EVOS Legends,Bigetron Alpha,Bigetron Alpha,NULL,https://liquipedia.net/mobilelegends/MPL/Indonesia/Season_8/Regular_Season | https://id-mpl.com/s8/team/evos | https://www.oneesports.gg/mobile-legends/mpl-id-season-8-schedule-watch/
8,S8-RS-051,2,2021-10-01,EVOS Legends,Bigetron Alpha,Bigetron Alpha,NULL,https://liquipedia.net/mobilelegends/MPL/Indonesia/Season_8/Regular_Season | https://id-mpl.com/s8/team/evos | https://www.oneesports.gg/mobile-legends/mpl-id-season-8-schedule-watch/
8,S8-RS-052,1,2021-10-02,ONIC Esports,Geek Fam ID,ONIC Esports,NULL,https://liquipedia.net/mobilelegends/MPL/Indonesia/Season_8/Regular_Season | https://id-mpl.com/s8/team/onic | https://www.oneesports.gg/mobile-legends/mpl-id-season-8-schedule-watch/
8,S8-RS-052,2,2021-10-02,ONIC Esports,Geek Fam ID,ONIC Esports,NULL,https://liquipedia.net/mobilelegends/MPL/Indonesia/Season_8/Regular_Season | https://id-mpl.com/s8/team/onic | https://www.oneesports.gg/mobile-legends/mpl-id-season-8-schedule-watch/
8,S8-RS-053,1,2021-10-02,AURA Fire,Rebellion Genflix,AURA Fire,NULL,https://liquipedia.net/mobilelegends/MPL/Indonesia/Season_8/Regular_Season | https://id-mpl.com/s8/team/rbg | https://www.oneesports.gg/mobile-legends/mpl-id-season-8-schedule-watch/
8,S8-RS-053,2,2021-10-02,AURA Fire,Rebellion Genflix,AURA Fire,NULL,https://liquipedia.net/mobilelegends/MPL/Indonesia/Season_8/Regular_Season | https://id-mpl.com/s8/team/rbg | https://www.oneesports.gg/mobile-legends/mpl-id-season-8-schedule-watch/
8,S8-RS-054,1,2021-10-02,EVOS Legends,RRQ Hoshi,EVOS Legends,NULL,https://liquipedia.net/mobilelegends/MPL/Indonesia/Season_8/Regular_Season | https://id-mpl.com/s8/team/evos | https://www.oneesports.gg/mobile-legends/mpl-id-season-8-schedule-watch/
8,S8-RS-054,2,2021-10-02,EVOS Legends,RRQ Hoshi,EVOS Legends,NULL,https://liquipedia.net/mobilelegends/MPL/Indonesia/Season_8/Regular_Season | https://id-mpl.com/s8/team/evos | https://www.oneesports.gg/mobile-legends/mpl-id-season-8-schedule-watch/
8,S8-RS-055,1,2021-10-03,Rebellion Genflix,Geek Fam ID,NULL,NULL,https://liquipedia.net/mobilelegends/MPL/Indonesia/Season_8/Regular_Season | https://id-mpl.com/s8/team/rbg | https://www.oneesports.gg/mobile-legends/mpl-id-season-8-schedule-watch/
8,S8-RS-055,2,2021-10-03,Rebellion Genflix,Geek Fam ID,NULL,NULL,https://liquipedia.net/mobilelegends/MPL/Indonesia/Season_8/Regular_Season | https://id-mpl.com/s8/team/rbg | https://www.oneesports.gg/mobile-legends/mpl-id-season-8-schedule-watch/
8,S8-RS-055,3,2021-10-03,Rebellion Genflix,Geek Fam ID,NULL,NULL,https://liquipedia.net/mobilelegends/MPL/Indonesia/Season_8/Regular_Season | https://id-mpl.com/s8/team/rbg | https://www.oneesports.gg/mobile-legends/mpl-id-season-8-schedule-watch/
8,S8-RS-056,1,2021-10-03,ONIC Esports,Alter Ego,ONIC Esports,NULL,https://liquipedia.net/mobilelegends/MPL/Indonesia/Season_8/Regular_Season | https://id-mpl.com/s8/team/onic | https://www.oneesports.gg/mobile-legends/mpl-id-season-8-schedule-watch/
8,S8-RS-056,2,2021-10-03,ONIC Esports,Alter Ego,ONIC Esports,NULL,https://liquipedia.net/mobilelegends/MPL/Indonesia/Season_8/Regular_Season | https://id-mpl.com/s8/team/onic | https://www.oneesports.gg/mobile-legends/mpl-id-season-8-schedule-watch/
8,S8-PO-001,1,2021-10-21,Alter Ego,Bigetron Alpha,NULL,NULL,https://liquipedia.net/mobilelegends/MPL/Indonesia/Season_8/Playoffs | https://id-mpl.com/s8/team/ae
8,S8-PO-001,2,2021-10-21,Alter Ego,Bigetron Alpha,NULL,NULL,https://liquipedia.net/mobilelegends/MPL/Indonesia/Season_8/Playoffs | https://id-mpl.com/s8/team/ae
8,S8-PO-001,3,2021-10-21,Alter Ego,Bigetron Alpha,NULL,NULL,https://liquipedia.net/mobilelegends/MPL/Indonesia/Season_8/Playoffs | https://id-mpl.com/s8/team/ae
8,S8-PO-001,4,2021-10-21,Alter Ego,Bigetron Alpha,NULL,NULL,https://liquipedia.net/mobilelegends/MPL/Indonesia/Season_8/Playoffs | https://id-mpl.com/s8/team/ae
8,S8-PO-002,1,2021-10-21,EVOS Legends,AURA Fire,NULL,NULL,https://liquipedia.net/mobilelegends/MPL/Indonesia/Season_8/Playoffs | https://id-mpl.com/s8/team/evos
8,S8-PO-002,2,2021-10-21,EVOS Legends,AURA Fire,NULL,NULL,https://liquipedia.net/mobilelegends/MPL/Indonesia/Season_8/Playoffs | https://id-mpl.com/s8/team/evos
8,S8-PO-002,3,2021-10-21,EVOS Legends,AURA Fire,NULL,NULL,https://liquipedia.net/mobilelegends/MPL/Indonesia/Season_8/Playoffs | https://id-mpl.com/s8/team/evos
8,S8-PO-002,4,2021-10-21,EVOS Legends,AURA Fire,NULL,NULL,https://liquipedia.net/mobilelegends/MPL/Indonesia/Season_8/Playoffs | https://id-mpl.com/s8/team/evos
8,S8-PO-002,5,2021-10-21,EVOS Legends,AURA Fire,NULL,NULL,https://liquipedia.net/mobilelegends/MPL/Indonesia/Season_8/Playoffs | https://id-mpl.com/s8/team/evos
8,S8-PO-003,1,2021-10-22,RRQ Hoshi,Alter Ego,RRQ Hoshi,NULL,https://liquipedia.net/mobilelegends/MPL/Indonesia/Season_8/Playoffs | https://id-mpl.com/s8/team/rrq
8,S8-PO-003,2,2021-10-22,RRQ Hoshi,Alter Ego,RRQ Hoshi,NULL,https://liquipedia.net/mobilelegends/MPL/Indonesia/Season_8/Playoffs | https://id-mpl.com/s8/team/rrq
8,S8-PO-003,3,2021-10-22,RRQ Hoshi,Alter Ego,RRQ Hoshi,NULL,https://liquipedia.net/mobilelegends/MPL/Indonesia/Season_8/Playoffs | https://id-mpl.com/s8/team/rrq
8,S8-PO-004,1,2021-10-22,ONIC Esports,EVOS Legends,ONIC Esports,NULL,https://liquipedia.net/mobilelegends/MPL/Indonesia/Season_8/Playoffs | https://id-mpl.com/s8/team/onic
8,S8-PO-004,2,2021-10-22,ONIC Esports,EVOS Legends,ONIC Esports,NULL,https://liquipedia.net/mobilelegends/MPL/Indonesia/Season_8/Playoffs | https://id-mpl.com/s8/team/onic
8,S8-PO-004,3,2021-10-22,ONIC Esports,EVOS Legends,ONIC Esports,NULL,https://liquipedia.net/mobilelegends/MPL/Indonesia/Season_8/Playoffs | https://id-mpl.com/s8/team/onic
8,S8-PO-005,1,2021-10-23,Alter Ego,EVOS Legends,NULL,NULL,https://liquipedia.net/mobilelegends/MPL/Indonesia/Season_8/Playoffs | https://id-mpl.com/s8/team/ae
8,S8-PO-005,2,2021-10-23,Alter Ego,EVOS Legends,NULL,NULL,https://liquipedia.net/mobilelegends/MPL/Indonesia/Season_8/Playoffs | https://id-mpl.com/s8/team/ae
8,S8-PO-005,3,2021-10-23,Alter Ego,EVOS Legends,NULL,NULL,https://liquipedia.net/mobilelegends/MPL/Indonesia/Season_8/Playoffs | https://id-mpl.com/s8/team/ae
8,S8-PO-005,4,2021-10-23,Alter Ego,EVOS Legends,NULL,NULL,https://liquipedia.net/mobilelegends/MPL/Indonesia/Season_8/Playoffs | https://id-mpl.com/s8/team/ae
8,S8-PO-005,5,2021-10-23,Alter Ego,EVOS Legends,NULL,NULL,https://liquipedia.net/mobilelegends/MPL/Indonesia/Season_8/Playoffs | https://id-mpl.com/s8/team/ae
8,S8-PO-006,1,2021-10-23,RRQ Hoshi,ONIC Esports,NULL,NULL,https://liquipedia.net/mobilelegends/MPL/Indonesia/Season_8/Playoffs | https://id-mpl.com/s8/team/rrq
8,S8-PO-006,2,2021-10-23,RRQ Hoshi,ONIC Esports,NULL,NULL,https://liquipedia.net/mobilelegends/MPL/Indonesia/Season_8/Playoffs | https://id-mpl.com/s8/team/rrq
8,S8-PO-006,3,2021-10-23,RRQ Hoshi,ONIC Esports,NULL,NULL,https://liquipedia.net/mobilelegends/MPL/Indonesia/Season_8/Playoffs | https://id-mpl.com/s8/team/rrq
8,S8-PO-006,4,2021-10-23,RRQ Hoshi,ONIC Esports,NULL,NULL,https://liquipedia.net/mobilelegends/MPL/Indonesia/Season_8/Playoffs | https://id-mpl.com/s8/team/rrq
8,S8-PO-007,1,2021-10-24,ONIC Esports,EVOS Legends,NULL,NULL,https://liquipedia.net/mobilelegends/MPL/Indonesia/Season_8/Playoffs | https://id-mpl.com/s8/team/onic
8,S8-PO-007,2,2021-10-24,ONIC Esports,EVOS Legends,NULL,NULL,https://liquipedia.net/mobilelegends/MPL/Indonesia/Season_8/Playoffs | https://id-mpl.com/s8/team/onic
8,S8-PO-007,3,2021-10-24,ONIC Esports,EVOS Legends,NULL,NULL,https://liquipedia.net/mobilelegends/MPL/Indonesia/Season_8/Playoffs | https://id-mpl.com/s8/team/onic
8,S8-PO-007,4,2021-10-24,ONIC Esports,EVOS Legends,NULL,NULL,https://liquipedia.net/mobilelegends/MPL/Indonesia/Season_8/Playoffs | https://id-mpl.com/s8/team/onic
8,S8-PO-007,5,2021-10-24,ONIC Esports,EVOS Legends,NULL,NULL,https://liquipedia.net/mobilelegends/MPL/Indonesia/Season_8/Playoffs | https://id-mpl.com/s8/team/onic
8,S8-PO-008,1,2021-10-24,RRQ Hoshi,ONIC Esports,NULL,NULL,https://liquipedia.net/mobilelegends/MPL/Indonesia/Season_8/Playoffs | https://id-mpl.com/s8/team/rrq
8,S8-PO-008,2,2021-10-24,RRQ Hoshi,ONIC Esports,NULL,NULL,https://liquipedia.net/mobilelegends/MPL/Indonesia/Season_8/Playoffs | https://id-mpl.com/s8/team/rrq
8,S8-PO-008,3,2021-10-24,RRQ Hoshi,ONIC Esports,NULL,NULL,https://liquipedia.net/mobilelegends/MPL/Indonesia/Season_8/Playoffs | https://id-mpl.com/s8/team/rrq
8,S8-PO-008,4,2021-10-24,RRQ Hoshi,ONIC Esports,NULL,NULL,https://liquipedia.net/mobilelegends/MPL/Indonesia/Season_8/Playoffs | https://id-mpl.com/s8/team/rrq
8,S8-PO-008,5,2021-10-24,RRQ Hoshi,ONIC Esports,NULL,NULL,https://liquipedia.net/mobilelegends/MPL/Indonesia/Season_8/Playoffs | https://id-mpl.com/s8/team/rrq
8,S8-PO-008,6,2021-10-24,RRQ Hoshi,ONIC Esports,NULL,NULL,https://liquipedia.net/mobilelegends/MPL/Indonesia/Season_8/Playoffs | https://id-mpl.com/s8/team/rrq
8,S8-PO-008,7,2021-10-24,RRQ Hoshi,ONIC Esports,NULL,NULL,https://liquipedia.net/mobilelegends/MPL/Indonesia/Season_8/Playoffs | https://id-mpl.com/s8/team/rrq
